{"0":{"length":[50,55,60,66,73,80,88,97,107,117,129,142,156,172,189,208,229,252,277,305],"bubbleSort":[0.08075999952852726,0.003865000233054161,0.004455000162124634,0.005299999564886093,0.006199999898672104,0.007674998417496681,0.009059999138116837,0.010729999095201493,0.012674999982118606,0.015900000184774398,0.017765001580119132,0.0209600031375885,0.02492999881505966,0.02999499924480915,0.03594000227749348,0.04462499916553497,0.051714999973773955,0.06222499944269657,0.07683000005781651,0.101239999756217],"mergeSort":[0.07006999999284744,0.015925000235438348,0.010250001028180123,0.0053649995476007465,0.015154999867081641,0.006685001030564308,0.014589999616146088,0.01465500071644783,0.011179999634623527,0.009685000032186508,0.017589999362826347,0.011890000477433205,0.022095000371336937,0.028234999254345895,0.037924999743700026,0.030050000175833702,0.020784999057650567,0.03128499947488308,0.0232549998909235,0.047540000081062316],"quickSort":[0.0432949997484684,0.032444999739527705,0.028720001131296156,0.011459999158978463,0.005809999257326126,0.01705000028014183,0.01686500050127506,0.008095000311732293,0.017569999769330026,0.017695001140236855,0.011139998957514764,0.02204500027000904,0.024295000731945036,0.025234998762607576,0.04147500023245811,0.048259999603033066,0.029715000465512276,0.021945000812411308,0.03664000034332275,0.046629999205470084],"quickSortIP":[0.023200000077486037,0.002280000224709511,0.00242999903857708,0.0026799995452165605,0.0028950002044439314,0.003504999354481697,0.0038999997079372404,0.003795000538229942,0.004104998707771301,0.004389999806880951,0.004759999737143516,0.005214997753500939,0.005829999223351479,0.006915000453591347,0.012290000170469283,0.008324999734759331,0.008569998666644096,0.009110000357031823,0.010114999115467071,0.011649999395012855]},"1":{"length":[50,55,60,66,73,80,88,97,107,117,129,142,156,172,189,208,229,252,277,305],"bubbleSort":[0.00304500013589859,0.0036000002175569533,0.0044949989765882496,0.005260000377893448,0.006419999152421951,0.007460000365972519,0.008745000138878823,0.010444999858736991,0.012620000168681145,0.014639999717473984,0.017579998075962066,0.021050000190734865,0.02501499988138676,0.030069999769330023,0.036135001480579375,0.0431900005787611,0.055970000475645064,0.06227499842643738,0.0755550004541874,0.08989999890327453],"mergeSort":[0.004190000519156456,0.004354999586939812,0.005829999968409538,0.00628499910235405,0.007320000603795051,0.00842999927699566,0.008899998292326928,0.02193000093102455,0.040014999359846114,0.009680001437664032,0.010924999415874482,0.03292500078678131,0.01421000137925148,0.015154999867081641,0.02439499944448471,0.018159998953342436,0.023124999180436135,0.03639500066637993,0.030900000035762785,0.027955000475049018],"quickSort":[0.00433499962091446,0.01729999966919422,0.005450000613927841,0.005915001034736633,0.04041999951004982,0.008685000240802765,0.008330000191926956,0.030000000819563867,0.04877999871969223,0.010145000368356704,0.03609000034630298,0.042125001549720764,0.014144999906420708,0.015559999644756317,0.0225699994713068,0.03229499906301499,0.029155000299215316,0.025220000743865968,0.044599999114871024,0.04340000040829182],"quickSortIP":[0.001855001226067543,0.0020949985831975938,0.0024499986320734024,0.0024850014597177505,0.0029500007629394533,0.002984999865293503,0.0032300006598234175,0.004135001450777054,0.003964999318122863,0.004284999147057533,0.010654999688267709,0.005240000039339066,0.005774999409914017,0.006565000116825104,0.0074499987065792085,0.007535000145435333,0.00896499902009964,0.009600000828504563,0.01262499988079071,0.01124499924480915]},"2":{"length":[50,55,60,66,73,80,88,97,107,117,129,142,156,172,189,208,229,252,277,305],"bubbleSort":[0.0033449992537498475,0.00393500030040741,0.0044599991291761395,0.005254999920725823,0.006259998679161072,0.007545000687241554,0.008960000053048135,0.010450001433491707,0.012459999322891236,0.014659999683499337,0.017785000056028365,0.02112499959766865,0.025564999133348466,0.029944999143481255,0.035850000008940695,0.043034999445080754,0.05793499983847141,0.11086000055074692,0.07470999993383884,0.14358999952673912],"mergeSort":[0.004874999448657036,0.005345000326633454,0.005840001627802849,0.00669500045478344,0.007180000841617584,0.006950000673532486,0.007714999467134475,0.008364999666810036,0.009460001066327096,0.009750000014901162,0.011349999904632568,0.012460000440478325,0.013434999063611031,0.015379999950528144,0.01639999896287918,0.01803499981760979,0.0489800002425909,0.0404449999332428,0.026975000649690627,0.06460499987006188],"quickSort":[0.004609998688101769,0.004925000667572022,0.005625000223517418,0.007210000231862068,0.018640000373125076,0.008459998667240143,0.007499999552965164,0.008190000802278519,0.028370000049471857,0.011240000650286675,0.011444999277591706,0.02343499958515167,0.013575001806020736,0.015575000271201133,0.01752000004053116,0.028580000251531602,0.04414999894797802,0.03706500008702278,0.08772500045597553,0.09410499967634678],"quickSortIP":[0.0018599987030029296,0.0020500008016824723,0.0022050000727176665,0.002619999647140503,0.0027000006288290025,0.003040000796318054,0.003215000033378601,0.003509999439120293,0.0038399994373321533,0.004160000756382942,0.004775000363588333,0.005185001343488693,0.0057799994945526125,0.0063099987804889675,0.006834999099373818,0.007549999654293061,0.016005000099539757,0.020669998973608016,0.01477999947965145,0.016899999976158143]},"3":{"length":[50,55,60,66,73,80,88,97,107,117,129,142,156,172,189,208,229,252,277,305],"bubbleSort":[0.003810000419616699,0.007485000044107437,0.006854999437928199,0.008130000531673431,0.01094999983906746,0.011549999564886093,0.009045000374317168,0.01835000067949295,0.02375999987125397,0.02613999992609024,0.027035000920295715,0.033399999514222144,0.045205000415444375,0.05150499939918518,0.15293499939143657,0.06094500049948692,0.05775000005960464,0.10930000059306622,0.14123000018298626,0.13157999962568284],"mergeSort":[0.010855000838637352,0.008900000154972077,0.005344998091459274,0.007589999213814735,0.01355000101029873,0.01571499966084957,0.011504999920725822,0.01796499900519848,0.022714998573064804,0.023630000278353692,0.02891000099480152,0.022424999624490738,0.030515000224113464,0.027470000460743903,0.035364999622106555,0.047515000030398366,0.029144999012351035,0.06263500079512596,0.0686599999666214,0.05678499937057495],"quickSort":[0.005329998955130577,0.010329999774694443,0.008319999277591705,0.012319999188184739,0.03320499956607818,0.009234999865293502,0.01534000001847744,0.018564999848604203,0.03374500013887882,0.019449999555945396,0.02772500105202198,0.04630499891936779,0.029315000399947166,0.029364999756217,0.0425500001758337,0.06340500004589558,0.02350500039756298,0.03794500082731247,0.06607499979436397,0.07197000049054622],"quickSortIP":[0.0019099991768598557,0.0036750007420778275,0.003619999438524246,0.004155000299215316,0.00491500087082386,0.003039998933672905,0.0047550018876791,0.005879999697208404,0.004024999961256981,0.004794998839497566,0.0090549997985363,0.0072000004351139065,0.010749999806284905,0.01128000095486641,0.012849999219179153,0.013525000214576722,0.00876999981701374,0.013154999166727067,0.014845002070069313,0.01935499981045723]},"4":{"length":[50,55,60,66,73,80,88,97,107,117,129,142,156,172,189,208,229,252,277,305],"bubbleSort":[0.0050350002944469455,0.0035800006240606307,0.0042899992316961285,0.01205500029027462,0.010795000195503234,0.013539999350905418,0.010620000213384629,0.028780000284314156,0.022199999541044235,0.022290001064538954,0.01766500063240528,0.021139999851584435,0.033005000278353694,0.05534499958157539,0.06515000015497208,0.07901000007987022,0.058854999393224715,0.06361999921500683,0.07473000064492226,0.08982999920845032],