{"0":{"length":[50,55,60,66,73,80,88,97,107,117,129,142,156,172,189,208,229,252,277,305],"bubbleSort":[0.005685000121593476,0.007524999603629112,0.0003600001335144043,0.0006899997591972351,0.00034000054001808165,0.0006049994379281997,0.0005249999463558197,0.0008399996906518937,0.00042500011622905733,0.0005049992352724076,0.00031500011682510375,0.0003200005739927292,0.000385000929236412,0.0003350004553794861,0.0007500004023313523,0.000735001266002655,0.0005900003015995026,0.0005100004374980927,0.00036499835550785065,0.00040500126779079436],"mergeSort":[0.06785499937832355,0.011729999259114266,0.0107099998742342,0.005935000255703926,0.01581999994814396,0.006735000386834144,0.015570000186562538,0.021349999681115152,0.013020000606775283,0.009759999811649323,0.01773499958217144,0.011695000529289245,0.02458999864757061,0.028859999030828476,0.06735499985516072,0.054045000672340394,0.03857500031590462,0.03266999945044517,0.023390000313520433,0.04563499987125397],"quickSort":[0.041344999149441716,0.035500000417232516,0.02949499972164631,0.022635000571608544,0.005869999900460244,0.017169999703764916,0.02067999988794327,0.009664999693632126,0.022380000352859496,0.02710999995470047,0.010745000466704369,0.02447500005364418,0.02604999952018261,0.029340000078082084,0.05738499909639359,0.055445000901818274,0.03461999967694283,0.025994999706745146,0.041600000485777854,0.05151999928057194],"quickSortIP":[0.0020849984139204025,0.00210999995470047,0.0022449988871812822,0.0024099987000226974,0.014479999616742133,0.0034099992364645003,0.004175000637769699,0.003570001572370529,0.00396999940276146,0.004179998487234116,0.004535000771284103,0.005144999548792839,0.005564999952912331,0.007035000249743462,0.011935000866651535,0.012289999797940255,0.008560001105070113,0.00961499996483326,0.010204999521374703,0.011275001615285874]},"1":{"length":[50,55,60,66,73,80,88,97,107,117,129,142,156,172,189,208,229,252,277,305],"bubbleSort":[0.00016999952495098115,0.00014999955892562865,0.00020500011742115022,0.0001799989491701126,0.00020499974489212035,0.0004249993711709976,0.0004249993711709976,0.0003649994730949402,0.0003450006246566772,0.00041000135242938993,0.00041499994695186614,0.0023899998515844343,0.00025999918580055237,0.00029499828815460205,0.00021999999880790712,0.00032500028610229494,0.00032999962568283083,0.00038999952375888823,0.0005100000649690628,0.0005400005728006362],"mergeSort":[0.003919998556375504,0.004294998943805695,0.0053149998188018795,0.005930000171065331,0.006884999945759774,0.014365000277757644,0.014134998992085457,0.03254000023007393,0.03527000099420548,0.019105000793933867,0.021005000174045562,0.04059000127017498,0.01261499933898449,0.0147249985486269,0.018324999883770943,0.01701499745249748,0.019074997678399087,0.03231500014662743,0.026020000874996185,0.026374999806284903],"quickSort":[0.004360000416636467,0.022440000250935555,0.005639998987317085,0.006274999678134918,0.06618999987840653,0.01168999969959259,0.012234999984502792,0.03621999993920326,0.03664499893784523,0.016750000417232513,0.041759999468922615,0.06437999941408634,0.013804998993873597,0.01599000059068203,0.01839500106871128,0.029735000804066658,0.021460000425577164,0.024194998666644096,0.04265000000596046,0.04300499968230724],"quickSortIP":[0.0017400007694959641,0.00198499970138073,0.0023949984461069107,0.0023599985986948015,0.004805000871419907,0.004195000976324081,0.0051599998027086254,0.0059500008821487425,0.0064549997448921205,0.006434999778866768,0.008299999311566353,0.005085000768303871,0.005444999784231186,0.006074998527765274,0.006924999505281448,0.0073799993842840195,0.008350001275539398,0.009045001119375229,0.012799999490380288,0.011260000616312027]},"2":{"length":[50,55,60,66,73,80,88,97,107,117,129,142,156,172,189,208,229,252,277,305],"bubbleSort":[0.0002549994736909866,0.00010499954223632812,0.00013000033795833587,0.00012499988079071045,0.00012499950826168061,0.00014500059187412263,0.00016499981284141542,0.00020000040531158446,0.0002049993723630905,0.0002099994570016861,0.00021500065922737123,0.0004199996590614319,0.0003150012344121933,0.00040000006556510924,0.00023500025272369385,0.00031000152230262754,0.0003000006079673767,0.00043500065803527834,0.000670001283288002,0.0004649996757507324],"mergeSort":[0.004834998399019241,0.00414000004529953,0.004320000112056732,0.004865000769495964,0.005649999156594277,0.006064999848604202,0.00726500079035759,0.007645000889897347,0.008469999954104423,0.009069998934864997,0.010460000485181808,0.01319500021636486,0.013624999672174454,0.01675499938428402,0.015589999035000801,0.017215000092983247,0.018844999372959137,0.03105500005185604,0.026330000534653664,0.026545000076293946],"quickSort":[0.004589999839663505,0.00437999926507473,0.0046449992805719376,0.005264998599886894,0.01566000059247017,0.006505000218749046,0.007165000215172768,0.009375,0.017590000852942468,0.009895000606775284,0.028880000486969946,0.025880001857876776,0.014444999024271965,0.01947000026702881,0.016914999485015868,0.029440001398324967,0.02110999934375286,0.023874999582767488,0.05682499967515468,0.044524998590350154],"quickSortIP":[0.001644999161362648,0.0018449991941452027,0.0019349996000528336,0.0021800015121698378,0.0024500008672475814,0.0026850011199712753,0.002930000424385071,0.003254999965429306,0.003614998981356621,0.0040649987757205965,0.0048999998718500136,0.004874999076128006,0.0055449999868869785,0.0066849995404481884,0.006724998727440834,0.007259998843073845,0.008175000920891762,0.008959999307990074,0.01039000116288662,0.011305000260472297]},"3":{"length":[50,55,60,66,73,80,88,97,107,117,129,142,156,172,189,208,229,252,277,305],"bubbleSort":[0.00033499933779239653,0.00016000010073184966,0.00016000047326087953,0.00013000145554542542,0.00014500096440315247,0.00014500059187412263,0.00013999976217746735,0.000530000776052475,0.00020000003278255462,0.000234999880194664,0.0005699992179870605,0.0002999991178512573,0.00034000016748905184,0.0005149997770786286,0.00027499981224536895,0.00034499913454055786,0.0006349992007017135,0.0008050002157688141,0.0006600003689527512,0.000625000149011612],"mergeSort":[0.007280000299215317,0.004150000214576721,0.004360000416636467,0.004829999804496765,0.005614999681711197,0.006094999611377716,0.0069449983537197115,0.012329998984932899,0.008839999884366989,0.00891999937593937,0.012185001000761985,0.012409999966621399,0.013730000331997871,0.015610000863671303,0.015565000101923942,0.017109999433159828,0.03849499970674515,0.06633499935269356,0.04665999971330166,0.054829999804496765],"quickSort":[0.0053349994122982025,0.004335000365972519,0.004620001092553139,0.005250000581145287,0.015475000068545342,0.006435001268982887,0.007079999521374702,0.009080000966787339,0.020419999957084656,0.00977499932050705,0.012699999287724495,0.03504999950528145,0.016444999352097513,0.015434999763965607,0.017099999636411668,0.029145000129938127,0.035334999486804006,0.041039999574422836,0.04771999977529049,0.0669950008392334],"quickSortIP":[0.0016849987208843232,0.0017699990421533585,0.001994999125599861,0.0023600004613399507,0.0024100013077259065,0.002670000493526459,0.0030299995094537737,0.0033100005239248276,0.0036250002682209014,0.004055000096559525,0.004670000076293946,0.004814999550580979,0.005659999325871468,0.006015000864863396,0.00669499933719635,0.007224999740719796,0.013205000013113023,0.01501999944448471,0.010490000993013383,0.017884999886155127]},"4":{"length":[50,55,60,66,73,80,88,97,107,117,129,142,156,172,189,208,229,252,277,305],"bubbleSort":[0.0001650005578994751,0.00012999922037124634,0.00012000054121017457,0.00030499957501888274,0.0002950001507997513,0.00018000006675720215,0.00020499899983406067,0.0002100002020597458,0.0004550013691186905,0.0002849996089935303,0.00023500099778175353,0.00024500079452991483,0.0007349997758865356,0.0002999987453222275,0.00025999993085861205,0.0005250010639429092,0.00038000047206878664,0.00038999952375888823,0.0004749990999698639,0.0004849996417760849],