{"0":{"length":[50,55,60,66,73,80,88,97,107,117,129,142,156,172,189,208,229,252,277,305],"bubbleSort":[0.08748999945819377,0.00812000073492527,0.006365000456571579,0.00750499963760376,0.008814999461174011,0.010625000298023223,0.012250000238418579,0.014949999749660492,0.01719999946653843,0.020295000076293944,0.023884999752044677,0.02819499894976616,0.033069999516010286,0.03938499949872494,0.046879999339580536,0.0625650018453598,0.06473500169813633,0.07620499879121781,0.0886599987745285,0.10805999971926213],"mergeSort":[0.0429200004786253,0.01208999864757061,0.007579999789595604,0.012119999527931214,0.008044999092817307,0.018014999851584435,0.01584000065922737,0.010854999721050262,0.017125000059604645,0.02165500111877918,0.02060999982059002,0.016535000503063203,0.023240001127123832,0.03364999927580357,0.041050000861287114,0.03693499937653542,0.0274750005453825,0.038315001502633096,0.032009999826550485,0.06275999993085861],"quickSort":[0.07405000105500222,0.056050000712275505,0.024345001205801964,0.013859999179840089,0.0157600000500679,0.022310000285506247,0.025760000199079515,0.01472500003874302,0.02309500016272068,0.01177000105381012,0.025189999863505362,0.020125000923871993,0.027130001038312913,0.03365499973297119,0.04894499965012074,0.0431549996137619,0.033260001242160796,0.027825000882148742,0.0469650000333786,0.06035000011324883],"quickSortIP":[0.029280000180006028,0.007304998487234116,0.003384999930858612,0.0036900002509355546,0.004034999385476112,0.005129999294877052,0.004855000972747802,0.005380001291632653,0.0060350000858306885,0.006430000439286232,0.007499999925494194,0.007890000194311141,0.008629999682307243,0.01039000041782856,0.011540000140666962,0.012205001339316368,0.013414999842643738,0.01468999944627285,0.01708499975502491,0.0182800006121397]},"1":{"length":[50,55,60,66,73,80,88,97,107,117,129,142,156,172,189,208,229,252,277,305],"bubbleSort":[0.004434999078512192,0.005175000801682472,0.006339999660849571,0.0071350008249282835,0.00875999964773655,0.010410000383853913,0.012065000459551811,0.014739999547600746,0.017090000584721564,0.020270001143217087,0.0236200001090765,0.02817000076174736,0.0331800002604723,0.039275000989437106,0.04900500029325485,0.0557899996638298,0.08790500052273273,0.07733500152826309,0.094344999268651,0.11088000051677227],"mergeSort":[0.005460000410676002,0.005895001068711281,0.006884999945759774,0.007000000402331352,0.007804999127984047,0.009075000137090682,0.00982000082731247,0.015194999799132348,0.02784999944269657,0.03190500028431416,0.014260000735521316,0.03942000083625317,0.0287749994546175,0.02048500068485737,0.05375999957323074,0.025585000962018968,0.02826000042259693,0.030265000462532044,0.03485000021755695,0.03834499903023243],"quickSort":[0.004890000075101852,0.005175001174211502,0.00604499951004982,0.006400001049041748,0.00717499889433384,0.007995001226663589,0.008480001240968704,0.026820001378655433,0.0307599987834692,0.011764999479055405,0.021155001223087312,0.04381500035524368,0.01631999984383583,0.018410000205039977,0.039380000159144404,0.02294499911367893,0.02744000032544136,0.040744999423623085,0.051564999669790265,0.052104999870061876],"quickSortIP":[0.002580000087618828,0.00275999940931797,0.003414999321103096,0.0034049995243549346,0.003779998794198036,0.004295001551508903,0.004885002598166465,0.005885000899434089,0.006095000356435776,0.006315000727772713,0.007979998737573624,0.00839499980211258,0.008670000359416008,0.009620000422000886,0.011345001310110093,0.01201000064611435,0.013590000942349434,0.017854999378323556,0.01707500033080578,0.0181900005787611]},"2":{"length":[50,55,60,66,73,80,88,97,107,117,129,142,156,172,189,208,229,252,277,305],"bubbleSort":[0.004444999247789383,0.005444999784231186,0.006265001371502876,0.007560000196099282,0.008989999815821648,0.011429999768733979,0.01217000000178814,0.014490001276135445,0.01701500155031681,0.020890001207590103,0.024390000477433206,0.028450000658631326,0.03377500064671039,0.03892500065267086,0.0481950007379055,0.05445500016212464,0.06698999963700772,0.07781499959528446,0.09211500063538551,0.10838000103831291],"mergeSort":[0.005975000932812691,0.0062300007790327076,0.006809999793767929,0.0074300020933151245,0.008605000376701356,0.009209998697042466,0.009959999844431877,0.01071999967098236,0.011869999021291733,0.013359999656677246,0.014135000854730606,0.017455000802874564,0.018220000341534613,0.02038999870419502,0.02374499887228012,0.024985000491142273,0.04404999800026417,0.030260001122951508,0.041300000995397566,0.03792500048875809],"quickSort":[0.005180001258850098,0.005524999648332596,0.0061549987643957135,0.006659999489784241,0.007650000602006912,0.017615000531077386,0.008589999005198478,0.0093399990350008,0.011515001207590103,0.025140000507235527,0.013329999521374702,0.016520000249147414,0.026715000718832017,0.018535000458359718,0.03049999922513962,0.023970001190900803,0.02834499962627888,0.039889998733997345,0.03169499970972538,0.04740999974310398],"quickSortIP":[0.0026700001209974287,0.0027750007808208465,0.0031799998134374617,0.0034100010991096495,0.0038050014525651933,0.004274999350309372,0.004614998772740364,0.0051200009882450105,0.0063700005412101746,0.006385000050067901,0.007019999623298645,0.007929999008774757,0.008849999681115151,0.009575000032782555,0.010724999383091927,0.011945001408457756,0.013809999823570252,0.014525000005960464,0.016510000824928282,0.01835999861359596]},"3":{"length":[50,55,60,66,73,80,88,97,107,117,129,142,156,172,189,208,229,252,277,305],"bubbleSort":[0.004525000974535942,0.005605001747608185,0.007945000380277633,0.007534998655319214,0.009185001626610756,0.010770000144839286,0.012814998999238015,0.015675000473856927,0.019115000218153,0.019839999824762346,0.023830000311136246,0.02829500027000904,0.03713500127196312,0.039489999786019324,0.04714000001549721,0.05540999919176102,0.06495999917387962,0.07785499952733517,0.09107500091195106,0.1369549997150898],"mergeSort":[0.00934000052511692,0.024340000376105307,0.006885000318288803,0.007489999011158943,0.008749999850988389,0.009575000777840615,0.010780000686645507,0.011955001205205918,0.013085000589489937,0.013059999421238899,0.014114999771118164,0.016494999453425408,0.023430000618100168,0.020775000378489495,0.026155000552535057,0.03011000081896782,0.028019999712705614,0.03582499958574772,0.047309999167919156,0.12001999951899052],"quickSort":[0.009034999459981919,0.006004999205470085,0.00609000138938427,0.0067100003361701965,0.007549999654293061,0.008489999175071716,0.01823499985039234,0.010430000722408295,0.019684997946023942,0.011985000222921371,0.0225349985063076,0.014844999834895133,0.022240000218153,0.019324999675154685,0.020900000631809235,0.022405000776052474,0.0356299988925457,0.03925999999046326,0.031309999153018,0.09239500127732754],"quickSortIP":[0.004595000669360161,0.0029800012707710266,0.003129999339580536,0.003435000404715538,0.003769998624920845,0.004209999367594719,0.004750000685453415,0.0052399996668100355,0.005784999951720238,0.006270000711083412,0.007065000385046006,0.007775000482797623,0.008889998868107795,0.009820000454783439,0.010760001838207245,0.01204500012099743,0.013220000639557838,0.015585000813007354,0.016189999878406525,0.025949998944997787]},"4":{"length":[50,55,60,66,73,80,88,97,107,117,129,142,156,172,189,208,229,252,277,305],"bubbleSort":[0.0049750015139579775,0.00905500091612339,0.012654999643564225,0.009239998832345008,0.008834999799728394,0.012679999321699142,0.01205500029027462,0.01786999888718128,0.025340000167489052,0.030214999988675117,0.027240000292658807,0.034075000882148744,0.04125500097870827,0.058584998920559885,0.07270500101149083,0.05548499971628189,0.06638499982655048,0.07787499986588955,0.09136000089347363,0.10821999981999397],